shop_url,company_name,telephone
https://www.rakuten.co.jp/february/,株式会社ブルーコムブルー,0766-28-1785
https://www.rakuten.co.jp/arista/,株式会社ヴィライズ,0120-980-173
https://www.rakuten.co.jp/kanko/,Not Found,086-283-3270
https://www.rakuten.co.jp/ilsa/,株式会社は、お客様に安心してインターネット通信販売をご利用いただける社会を築くため、「一般財団法人　日本電子商取引事業振興財団（J-FEC）」のオンラインマークを取得し、同財団の認証をうけています。上記J-FECオンラインマークリンク先は、弊社が一般財団法人【日本電子商取引事業振興財団】の会員として、厳正な審査基準に合格した事業者である事を証明するページとなっております。イルサ株式会社,03-5377-0555
https://www.rakuten.co.jp/bonaventura-shop/,Not Found,0364413633
https://www.rakuten.co.jp/btnc/,Not Found,Not Found
https://www.rakuten.co.jp/fgkawamura-2/,株式会社河村百貨店,083-972-0130
https://www.rakuten.co.jp/euphoric/,Not Found,05035590380
https://www.rakuten.co.jp/galleria/,株式会社ギャレリア・ニズム  （GALLERIA NISM Inc.）代表者代表取締役　長野 哲士本社所在地,027-381-8215
https://www.rakuten.co.jp/seven2seven/,Not Found,077-509-0683
https://www.rakuten.co.jp/watermode/,株式会社ウォーターモード,06-6783-8224
https://www.rakuten.co.jp/brandacross/,株式会社ディーアール,0120-858-881
https://www.rakuten.co.jp/eclan/,Not Found,042-508-2855
https://www.rakuten.co.jp/f012181-akabira/,Not Found,0125-32-1834
https://www.rakuten.co.jp/gloopy/,Not Found,06-6110-7655
https://www.rakuten.co.jp/vivostyle/,Not Found,078-262-1680
https://www.rakuten.co.jp/minamistore/,株式会社ミナミ,0236887733
https://www.rakuten.co.jp/angers/,Not Found,0120-760-607
https://www.rakuten.co.jp/mzspeed-r/,株式会社マツモト自動車,0570-088-870
https://www.rakuten.co.jp/plywood/,株式会社ベニヤ,03-5577-3320
https://www.rakuten.co.jp/lag-onlinestore/,株式会社ナインアディクト,06-6748-8788
https://www.rakuten.co.jp/enich-agent/,株式会社ＦＲＥＴ,05068748422
https://www.rakuten.co.jp/fukusumi/,有限会社ＭＥＳＳＥＮＧＥＲ,06-6251-4976
https://www.rakuten.co.jp/zeitakuya/,株式会社グローバルスタイル,047-636-7930
https://www.rakuten.co.jp/geostyle/,株式会社ジェオグラフィー,0745-51-0210
https://www.rakuten.co.jp/bianca-rose/,有限会社ビーアール・ドゥーエ,0774983990
https://www.rakuten.co.jp/auc-marks-run/,株式会社マークス＆ラン,06-6710-9851
https://www.rakuten.co.jp/bagshoparr/,株式会社ウォーターモード,0667838224
https://www.rakuten.co.jp/skyartjapan/,Not Found,0334406777
https://www.rakuten.co.jp/plywoodcamp/,株式会社ベニヤ,0355773313
https://www.rakuten.co.jp/fkikaku/,株式会社クギマチ,0956-32-4135
https://www.rakuten.co.jp/cocomeister/,Not Found,0120-827-117
https://www.rakuten.co.jp/diosbras/,有限会社ディオブラス,093-521-3083
https://www.rakuten.co.jp/atrium2019/,Not Found,03-6206-8536
https://www.rakuten.co.jp/f293628-miyake/,Not Found,0745443071
https://www.rakuten.co.jp/f292036-yamatokoriyama/,Not Found,0743531160
https://www.rakuten.co.jp/kodomozakkaegao/,株式会社ウォーターモード,0667838224
https://www.rakuten.co.jp/woody-h/,株式会社ウッディーハウス,0773-77-5249
https://www.rakuten.co.jp/glencheck/,株式会社ＪＡＬＵＸ　ＳＴＹＬＥ,03-6431-9984
https://www.rakuten.co.jp/unveil-bag/,Not Found,0528702282
https://www.rakuten.co.jp/passageshop/,Not Found,092-725-1135
https://www.rakuten.co.jp/plywoodzakka/,株式会社ベニヤ,03-5577-3320
https://www.rakuten.co.jp/hff/,株式会社ニュージーン,044-863-6769
https://www.rakuten.co.jp/f252085-ritto/,Not Found,0775510641
https://www.rakuten.co.jp/bleucommebleu/,株式会社ブルーコムブルー,0766-28-1785
https://www.rakuten.co.jp/sacs-bar/,株式会社東京デリカ,06-6536-7333
https://www.rakuten.co.jp/ray-g-cast/,有限会社ビックブロス,0948-21-1313
https://www.rakuten.co.jp/f282103-kakogawa/,Not Found,0955-58-8790
https://www.rakuten.co.jp/f131075-sumida/,Not Found,0356086115
https://www.rakuten.co.jp/soleil2020/,株式会社Ｃｉｅｌ　Ｂｌｅｕ,03-5574-7165
https://www.rakuten.co.jp/kyouwa-print/,株式会社キョーワ,072-843-5845
https://www.rakuten.co.jp/platon/,Not Found,06-6866-5751
https://www.rakuten.co.jp/dakotahouse/,株式会社プリンセストラヤ,03-3864-3760
https://www.rakuten.co.jp/hallelujah/,株式会社ハレルヤ,06-7506-9603
https://www.rakuten.co.jp/plywoodfurniture/,株式会社ベニヤ,03-5577-3320
https://www.rakuten.co.jp/f285013-sayo/,Not Found,0790820664
https://www.rakuten.co.jp/f364011-matsushige/,Not Found,0886998710
https://www.rakuten.co.jp/f284432-fukusaki/,Not Found,0790220560
https://www.rakuten.co.jp/f221309-hamamatsu/,Not Found,0534572802
