shop_url,info_url,company_name,telephone
https://www.rakuten.co.jp/asanoya/,https://www.rakuten.co.jp/asanoya/info.html,Not Found,0575-22-0558
https://www.rakuten.co.jp/castle-rock/,https://www.rakuten.co.jp/castle-rock/info.html,Not Found,0227964187
https://www.rakuten.co.jp/mintes/,https://www.rakuten.co.jp/mintes/info.html,株式会社ミントエス,0120-068-310
https://www.rakuten.co.jp/kidsdream/,https://www.rakuten.co.jp/kidsdream/info.html,会社概要 ★阪神最大級の総合リサイクルショップ キッズドリームが運営するブランド専門店です。 ブランド専門店だからこそできるお買い得価格での出品です。 もちろん商品は全て優秀なプロの鑑定士が査定を行った確かな商品です。ご安心してご利用下さい。 ★当店の商品はリサイクル商品になります。 ★兵庫県公安委員会／第631369600022号　古物許可免許 株式会社キッズドリーム,0798-74-9009
https://www.rakuten.co.jp/auc-kstar/,https://www.rakuten.co.jp/auc-kstar/info.html,ケイスター株式会社,03-3800-3368
https://www.rakuten.co.jp/romankimono/,https://www.rakuten.co.jp/romankimono/info.html,ロマン着物株式会社,0545-53-0788
https://www.rakuten.co.jp/adhoc/,https://www.rakuten.co.jp/adhoc/info.html,Not Found,076-411-7575
https://www.rakuten.co.jp/ginza-zenya/,https://www.rakuten.co.jp/ginza-zenya/info.html,株式会社ぜん屋,03-3571-0891
https://www.rakuten.co.jp/hotellike/,https://www.rakuten.co.jp/hotellike/info.html,株式会社ホテルライクインテリア,03-6434-5688
https://www.rakuten.co.jp/eikouoroshi/,https://www.rakuten.co.jp/eikouoroshi/info.html,永康株式会社,0666069391
https://www.rakuten.co.jp/kingram/,https://www.rakuten.co.jp/kingram/info.html,株式会社ベストバイ,0120-298-091
https://www.rakuten.co.jp/fixpon/,https://www.rakuten.co.jp/fixpon/info.html,フィックスポン・ジャパン株式会社,092-983-7376
https://www.rakuten.co.jp/kurashido/,https://www.rakuten.co.jp/kurashido/info.html,岸田産業株式会社,0770521158
https://www.rakuten.co.jp/f272094-moriguchi/,https://www.rakuten.co.jp/f272094-moriguchi/info.html,本サイトの運営は、株式会社三洋堂が行っております。 お電話及びメールは、当社がご対応いたします。 【問合せ先】 Mail:f272094-moriguchi_4@shop.rakuten.co.jp,0120-96-5542
https://www.rakuten.co.jp/aimer-dress/,https://www.rakuten.co.jp/aimer-dress/info.html,株式会社三松,03-6810-8810
https://www.rakuten.co.jp/import-piazza/,https://www.rakuten.co.jp/import-piazza/info.html,2023年4月、楽天市場店が新規オープンいたしました。 2000年よりスタート、アメリカ、ヨーロッパを中心とした海外正規ブランドのインポートショップです。 Piazzaとはイタリア語で広場。 ミラノのドゥオモ広場のように、大勢の方が集まる場にと願い名づけました。 創業23年、これまで、累計20万人以上のお客様にご購入頂いております。 ネット店舗の利点を最大限生かし、お客様にわくわくしていただけるような、新作、希少品、さまざまな商品を、魅力的な価格でいち早くご紹介できるよう、また、迅速丁寧な対応を心掛けスタッフ一同頑張ってまいりたいと存じます。 今後ともどうぞよろしくお願いいたします。 株式会社ウェルズコーポレーション,0358408681
https://www.rakuten.co.jp/iseya78/,https://www.rakuten.co.jp/iseya78/info.html,株式会社イセヤ,011-531-3955
https://www.rakuten.co.jp/ohokumakabanten/,https://www.rakuten.co.jp/ohokumakabanten/info.html,株式会社大隈カバン店,0927713576
https://www.rakuten.co.jp/toyooka-luggage/,https://www.rakuten.co.jp/toyooka-luggage/info.html,三宅株式会社,0796-22-6368
https://www.rakuten.co.jp/f142158-ebina/,https://www.rakuten.co.jp/f142158-ebina/info.html,本サイトの運営は、NE株式会社が行っております。 お電話及びメールは、同社がご対応いたします。 TEL：0120-251-588 神奈川県海老名市,0120-251-588
https://www.rakuten.co.jp/linears/,https://www.rakuten.co.jp/linears/info.html,株式会社日本すこやか研究所,0676628769
https://www.rakuten.co.jp/f082287-bando/,https://www.rakuten.co.jp/f082287-bando/info.html,Not Found,0297352121
https://www.rakuten.co.jp/yamamoto78/,https://www.rakuten.co.jp/yamamoto78/info.html,株式会社山本質店,0453233812
https://www.rakuten.co.jp/ryu-select/,https://www.rakuten.co.jp/ryu-select/info.html,株式会社シャイリー,050-3708-7488
https://www.rakuten.co.jp/omo-textile/,https://www.rakuten.co.jp/omo-textile/info.html,Not Found,0736424992
https://www.rakuten.co.jp/78watanabe/,https://www.rakuten.co.jp/78watanabe/info.html,Not Found,0886530512
https://www.rakuten.co.jp/kyoto-kimono-cafe/,https://www.rakuten.co.jp/kyoto-kimono-cafe/info.html,株式会社西織,0772-43-0608
https://www.rakuten.co.jp/triangle78/,https://www.rakuten.co.jp/triangle78/info.html,株式会社Ｒｓ　ＴＲＵＳＴ,0564335288
https://www.rakuten.co.jp/urge/,https://www.rakuten.co.jp/urge/info.html,株式会社ｕ　ｓｔａｆｆ,0789955697
https://www.rakuten.co.jp/bettyroad/,https://www.rakuten.co.jp/bettyroad/info.html,東京都公安委員会許可済 古物商許可番号 304399700687号 株式会社ネクストトゥエンティワン,03-3386-7550
https://www.rakuten.co.jp/tifose/,https://www.rakuten.co.jp/tifose/info.html,株式会社アギシャン,06-6226-7230
https://www.rakuten.co.jp/f272124-yao/,https://www.rakuten.co.jp/f272124-yao/info.html,Not Found,0729243949
https://www.rakuten.co.jp/best-select-credit/,https://www.rakuten.co.jp/best-select-credit/info.html,株式会社クレディ,03-5807-1172
https://www.rakuten.co.jp/shichi-miura/,https://www.rakuten.co.jp/shichi-miura/info.html,Not Found,048-831-5210
https://www.rakuten.co.jp/marais-fashion/,https://www.rakuten.co.jp/marais-fashion/info.html,Not Found,05068699492
https://www.rakuten.co.jp/auc-daisin78/,https://www.rakuten.co.jp/auc-daisin78/info.html,Not Found,06-6757-9429
https://www.rakuten.co.jp/z-lounge3/,https://www.rakuten.co.jp/z-lounge3/info.html,Not Found,050-5472-9705
https://www.rakuten.co.jp/auc-tomida78/,https://www.rakuten.co.jp/auc-tomida78/info.html,〒453-0022 名古屋市中村区中島町４丁目45番地 株式会社冨田商店　質SHOP冨田 TEL：（052）471-0078 FAX：（052）482-2826 責任者　冨田泰司 E-mail： pawnshop@tomida78.co.jp 営業日・定休日 ● 営業時間　10：00〜19：00 ● 毎週　水曜定休です。 ● 火曜日18：30以降にお受けしましたご注文、 ご質問は木曜日からの対応となります。 ご了承ください。 特定商取引法に基づく表示 ● 質屋許可証 愛知県公安委員会　村第17号 ● 古物商許可証 愛知県公安委員会　第541020A32800号 株式会社冨田商店,052-471-0078
https://www.rakuten.co.jp/sampei/,https://www.rakuten.co.jp/sampei/info.html,Not Found,0470-22-1086
https://www.rakuten.co.jp/auc-seshibon/,https://www.rakuten.co.jp/auc-seshibon/info.html,河田帽商株式会社,058-262-2955
https://www.rakuten.co.jp/f322041-masuda/,https://www.rakuten.co.jp/f322041-masuda/info.html,Not Found,0856-31-0332
https://www.rakuten.co.jp/eternal8881/,https://www.rakuten.co.jp/eternal8881/info.html,株式会社Ｅｔｅｒｎａｌ,03-6416-9797
https://www.rakuten.co.jp/ecopark1/,https://www.rakuten.co.jp/ecopark1/info.html,株式会社カルペディエム,0748-62-9980
https://www.rakuten.co.jp/skytrek/,https://www.rakuten.co.jp/skytrek/info.html,Not Found,0273-52-9680
https://www.rakuten.co.jp/brand-color/,https://www.rakuten.co.jp/brand-color/info.html,株式会社カラー,03-6903-1412
https://www.rakuten.co.jp/rodeo-drive/,https://www.rakuten.co.jp/rodeo-drive/info.html,"会社概要 お支払い・送料等 各店舗情報 中古ランクについて 返品について 社名／商号 株式会社アールケイエンタープライズ　（英表記：RKEnterprise co.,Ltd） 代表者 代表取締役社長　沢田 登志雄 従業員数 従業員数：210名（2024年3月現在） 資本金 5000万円 設立 1954年（昭和29年）4月1日 店舗運営責任者",Not Found
https://www.rakuten.co.jp/birthmark/,https://www.rakuten.co.jp/birthmark/info.html,株式会社ＬＥＶＩＴＡＳ,05036927428
https://www.rakuten.co.jp/kensingtongardens/,https://www.rakuten.co.jp/kensingtongardens/info.html,Not Found,0967-67-2778
https://www.rakuten.co.jp/eightbearroad/,https://www.rakuten.co.jp/eightbearroad/info.html,株式会社Ｂｅａｒ　Ｒｏａｄ,0471926693
https://www.rakuten.co.jp/auc-clothyard/,https://www.rakuten.co.jp/auc-clothyard/info.html,株式会社ＹＡＲＤ,075-585-8818
https://www.rakuten.co.jp/tokionlineshopping/,https://www.rakuten.co.jp/tokionlineshopping/info.html,Not Found,097-522-7778
https://www.rakuten.co.jp/f423238-hasami/,https://www.rakuten.co.jp/f423238-hasami/info.html,Not Found,050-8885-0485
https://www.rakuten.co.jp/nianashop/,https://www.rakuten.co.jp/nianashop/info.html,株式会社ＢＦＬＡＴ,06-6568-3435
https://www.rakuten.co.jp/mikazuki2/,https://www.rakuten.co.jp/mikazuki2/info.html,Not Found,0567-95-3231
https://www.rakuten.co.jp/rootweb/,https://www.rakuten.co.jp/rootweb/info.html,株式会社ゼファー,082-542-6536
https://www.rakuten.co.jp/f302031-hashimoto/,https://www.rakuten.co.jp/f302031-hashimoto/info.html,Not Found,0736-33-1247
https://www.rakuten.co.jp/alohacorp/,https://www.rakuten.co.jp/alohacorp/info.html,フッド株式会社,0575-82-6199
https://www.rakuten.co.jp/mfcafe-japan/,https://www.rakuten.co.jp/mfcafe-japan/info.html,Not Found,011-206-4328
https://www.rakuten.co.jp/s-oasis/,https://www.rakuten.co.jp/s-oasis/info.html,Not Found,03-5403-7813
https://www.rakuten.co.jp/halfprice/,https://www.rakuten.co.jp/halfprice/info.html,株式会社万代,022-253-7856
https://www.rakuten.co.jp/theglobalmarket/,https://www.rakuten.co.jp/theglobalmarket/info.html,Not Found,03-6823-0788
https://www.rakuten.co.jp/treasure-spot/,https://www.rakuten.co.jp/treasure-spot/info.html,Not Found,0643032000
https://www.rakuten.co.jp/fullmoonspirit/,https://www.rakuten.co.jp/fullmoonspirit/info.html,Not Found,0525039609
https://www.rakuten.co.jp/kami-bungu/,https://www.rakuten.co.jp/kami-bungu/info.html,株式会社フキ惣,06-6763-0826
https://www.rakuten.co.jp/holidaylounge/,https://www.rakuten.co.jp/holidaylounge/info.html,スタートリング株式会社,03-5485-0922
https://www.rakuten.co.jp/three-peace/,https://www.rakuten.co.jp/three-peace/info.html,Not Found,05068709668
https://www.rakuten.co.jp/pennotatujin/,https://www.rakuten.co.jp/pennotatujin/info.html,当ショップに関するお問い合わせ 093-967-9404 受付時間 :　10:00〜16:00 株式会社オフィス・ケー・ティー・シー,093-967-9404
https://www.rakuten.co.jp/diral/,https://www.rakuten.co.jp/diral/info.html,株式会社岩永,03-3464-4747
https://www.rakuten.co.jp/lacienega322557/,https://www.rakuten.co.jp/lacienega322557/info.html,株式会社ラ・シェネガカミヤマ,0263322750
https://www.rakuten.co.jp/auc-lafesta-k/,https://www.rakuten.co.jp/auc-lafesta-k/info.html,Not Found,072-448-5675
https://www.rakuten.co.jp/roxannedarian/,https://www.rakuten.co.jp/roxannedarian/info.html,Not Found,0995504103
https://www.rakuten.co.jp/wizmouse1997/,https://www.rakuten.co.jp/wizmouse1997/info.html,Not Found,050-5469-9531
https://www.rakuten.co.jp/7saito/,https://www.rakuten.co.jp/7saito/info.html,株式会社齋藤質店,03-3855-0404
https://www.rakuten.co.jp/f062049-sakata/,https://www.rakuten.co.jp/f062049-sakata/info.html,-------------------- 本サイトの運営は、株式会社平野新聞舗「Motteku事業部」が行っております。 お電話及びメールは、当社がご対応いたします。 【問合せ先】,0120-39-0251
https://www.rakuten.co.jp/glide-design/,https://www.rakuten.co.jp/glide-design/info.html,株式会社ウイングライド,0722587600
https://www.rakuten.co.jp/f262048-uji/,https://www.rakuten.co.jp/f262048-uji/info.html,Not Found,0774208698
https://www.rakuten.co.jp/sbbt/,https://www.rakuten.co.jp/sbbt/info.html,Not Found,03-3399-1866
https://www.rakuten.co.jp/ginzahiko/,https://www.rakuten.co.jp/ginzahiko/info.html,Not Found,0362644450
https://www.rakuten.co.jp/karyon/,https://www.rakuten.co.jp/karyon/info.html,ＩｎｋＩｎ株式会社,0663357344
https://www.rakuten.co.jp/f082350-tsukubamirai/,https://www.rakuten.co.jp/f082350-tsukubamirai/info.html,Not Found,0297-58-2111
https://www.rakuten.co.jp/lavett-shop/,https://www.rakuten.co.jp/lavett-shop/info.html,Not Found,076-208-3166
https://www.rakuten.co.jp/trigger-i/,https://www.rakuten.co.jp/trigger-i/info.html,株式会社ＴＲＩＧＧＥＲ,0522128095
https://www.rakuten.co.jp/smileprj/,https://www.rakuten.co.jp/smileprj/info.html,【腕時計・バッグ・財布などを中心としたアパレル雑貨・ブランド雑貨の製造・輸入・卸し販売・小売り販売を手掛け、別注・OEM生産も請け負う大阪の商社です】 『株式会社ヴァリアススタイル』 ■店舗トップ■ https://www.rakuten.co.jp/smileprj/ ■メールアドレス■ec-sp@smileprj.com 株式会社ヴァリアススタイル,072-479-5562
https://www.rakuten.co.jp/freshworld/,https://www.rakuten.co.jp/freshworld/info.html,株式会社信和ネットマネージ,0527474221
https://www.rakuten.co.jp/leather-g/,https://www.rakuten.co.jp/leather-g/info.html,株式会社ラップス,050-5808-9950
https://www.rakuten.co.jp/anisie/,https://www.rakuten.co.jp/anisie/info.html,Not Found,0776978339
https://www.rakuten.co.jp/10carat/,https://www.rakuten.co.jp/10carat/info.html,株式会社ライフクリエイト,052-661-8333
https://www.rakuten.co.jp/upple/,https://www.rakuten.co.jp/upple/info.html,Not Found,05053299881
https://www.rakuten.co.jp/auc-styleimp/,https://www.rakuten.co.jp/auc-styleimp/info.html,Not Found,052-452-6512
https://www.rakuten.co.jp/auc-genroku/,https://www.rakuten.co.jp/auc-genroku/info.html,Not Found,078-575-7575
https://www.rakuten.co.jp/omoteshichiho/,https://www.rakuten.co.jp/omoteshichiho/info.html,株式会社おもて,0663516369
https://www.rakuten.co.jp/kimonoichiba6/,https://www.rakuten.co.jp/kimonoichiba6/info.html,株式会社京都きもの市場,0120-337-008
https://www.rakuten.co.jp/smarttime/,https://www.rakuten.co.jp/smarttime/info.html,株式会社スマートタイム,06-6777-1128
https://www.rakuten.co.jp/estacion/,https://www.rakuten.co.jp/estacion/info.html,株式会社フィールド,070-1256-4400
https://www.rakuten.co.jp/himeka/,https://www.rakuten.co.jp/himeka/info.html,ひめか株式会社,0561-53-2391
https://www.rakuten.co.jp/kawamura78/,https://www.rakuten.co.jp/kawamura78/info.html,Not Found,0559418610
https://www.rakuten.co.jp/tamaya7/,https://www.rakuten.co.jp/tamaya7/info.html,Not Found,042-321-0720
https://www.rakuten.co.jp/reside/,https://www.rakuten.co.jp/reside/info.html,Not Found,0363852976
https://www.rakuten.co.jp/rich-nagoya/,https://www.rakuten.co.jp/rich-nagoya/info.html,株式会社ＹＡＮＡＩ,052-265-5343
https://www.rakuten.co.jp/auc-kaneki/,https://www.rakuten.co.jp/auc-kaneki/info.html,Not Found,088-625-3328
https://www.rakuten.co.jp/biclock/,https://www.rakuten.co.jp/biclock/info.html,株式会社ＢＩＣ−Ｍ,0459001091
https://www.rakuten.co.jp/tokyobag/,https://www.rakuten.co.jp/tokyobag/info.html,トップページに戻る 株式会社クロスター,03-3845-6868
https://www.rakuten.co.jp/hangerhouse/,https://www.rakuten.co.jp/hangerhouse/info.html,株式会社ＫＡＪＡ,070-9073-1320
https://www.rakuten.co.jp/ippin78marutaka/,https://www.rakuten.co.jp/ippin78marutaka/info.html,Not Found,0798450011
https://www.rakuten.co.jp/share-store/,https://www.rakuten.co.jp/share-store/info.html,Not Found,083-923-8577
https://www.rakuten.co.jp/kaitoriyokocho/,https://www.rakuten.co.jp/kaitoriyokocho/info.html,Not Found,0480-99-0784
https://www.rakuten.co.jp/ikahodoya/,https://www.rakuten.co.jp/ikahodoya/info.html,Not Found,0668092766
https://www.rakuten.co.jp/hatsuhanaduki/,https://www.rakuten.co.jp/hatsuhanaduki/info.html,はつはなづき株式会社,0545-50-9249
https://www.rakuten.co.jp/something/,https://www.rakuten.co.jp/something/info.html,株式会社サムシング,0942-84-1755
https://www.rakuten.co.jp/cg-store/,https://www.rakuten.co.jp/cg-store/info.html,Not Found,052-251-3425
https://www.rakuten.co.jp/shopannie/,https://www.rakuten.co.jp/shopannie/info.html,Not Found,0952-73-8144
https://www.rakuten.co.jp/granstrak/,https://www.rakuten.co.jp/granstrak/info.html,株式会社ＧＲＡＮＳＴＡＲＫ,0644001019
https://www.rakuten.co.jp/ikumiya/,https://www.rakuten.co.jp/ikumiya/info.html,Not Found,0538433030
https://www.rakuten.co.jp/poneycombtokyo/,https://www.rakuten.co.jp/poneycombtokyo/info.html,株式会社Ｌ．Ｗ．Ｃ．,00-0000-0000
https://www.rakuten.co.jp/yato-corp/,https://www.rakuten.co.jp/yato-corp/info.html,株式会社ヤトウコーポレーション,06-6484-0039
https://www.rakuten.co.jp/kasukito/,https://www.rakuten.co.jp/kasukito/info.html,Not Found,05068792410
https://www.rakuten.co.jp/kimono-waku/,https://www.rakuten.co.jp/kimono-waku/info.html,Not Found,0774736665
https://www.rakuten.co.jp/auggie/,https://www.rakuten.co.jp/auggie/info.html,Not Found,099-226-5450
https://www.rakuten.co.jp/src202307/,https://www.rakuten.co.jp/src202307/info.html,Not Found,0368060091
https://www.rakuten.co.jp/f282197-sanda/,https://www.rakuten.co.jp/f282197-sanda/info.html,Not Found,079-559-5065
https://www.rakuten.co.jp/olenotakaraya/,https://www.rakuten.co.jp/olenotakaraya/info.html,ｓｋｙ　ｗｏｒｌｄ株式会社,08031702142
https://www.rakuten.co.jp/rs-gown/,https://www.rakuten.co.jp/rs-gown/info.html,Not Found,046-827-2305
https://www.rakuten.co.jp/mako78/,https://www.rakuten.co.jp/mako78/info.html,カネイ商事株式会社,092-282-0779
https://www.rakuten.co.jp/sanko78/,https://www.rakuten.co.jp/sanko78/info.html,Not Found,0282253578
https://www.rakuten.co.jp/ilharotch/,https://www.rakuten.co.jp/ilharotch/info.html,株式会社Ｙ’ｓ,050-3633-4140
https://www.rakuten.co.jp/watch-shop-bambi/,https://www.rakuten.co.jp/watch-shop-bambi/info.html,株式会社こじか,0368202055
https://www.rakuten.co.jp/machigiya/,https://www.rakuten.co.jp/machigiya/info.html,株式会社林屋,086-476-0075
https://www.rakuten.co.jp/dress-raffine/,https://www.rakuten.co.jp/dress-raffine/info.html,ジミニー株式会社,03-6882-2702
https://www.rakuten.co.jp/arumama/,https://www.rakuten.co.jp/arumama/info.html,Not Found,0796-42-5604
https://www.rakuten.co.jp/koeistore/,https://www.rakuten.co.jp/koeistore/info.html,※現在、電話対応は中止しています。 何かございましたら お問い合わせフォーム からお願いします。 漢和国際株式会社,048-229-4048
https://www.rakuten.co.jp/dapper-s-room1/,https://www.rakuten.co.jp/dapper-s-room1/info.html,Not Found,050-3503-6336
https://www.rakuten.co.jp/ilcinque/,https://www.rakuten.co.jp/ilcinque/info.html,株式会社イルチンクエ,0661105452
